{"pitch_frame": [-1.180575027529792, 8.040817021423829, 119.12741545464748, 100.90626404651888], "energy_frame": [-1.0137888193130493, 8.59909439086914, 45.652409477278546, 45.03147678475381]}